{
  "timestamp": "2025-11-03T04:51:48.511798",
  "signal_stats": {
    "total_bars": 130611.0,
    "extreme_buy": 441.0,
    "strong_buy": 3650.0,
    "moderate_buy": 6892.0,
    "risk_high": 1863.0,
    "ftd_confirmed": 238.0,
    "ftd_candidate": 301.0,
    "stage_dist": {
      "1": 6648.0,
      "2": 70834.0,
      "3": 6117.0,
      "4": 47012.0
    },
    "vix_regime_dist": {
      "0": 60242.0,
      "1": 42891.0,
      "2": 27478.0
    },
    "extreme_sell": 0.0,
    "strong_sell": 0.0,
    "moderate_sell": 0.0
  },
  "score_analysis": {
    "Trend": {
      "Low (0-2)": {
        "count": 156.0,
        "win_rate": 0.6923076923076923,
        "avg_pnl": 0.02398755393580005,
        "median_pnl": 0.036523077642336615,
        "std_pnl": 0.08581201348703027,
        "sharpe": 0.2795360808009191,
        "max_dd": -0.5628029202745558,
        "best": 0.21733895243829016,
        "worst": -0.34476309660374727
      },
      "Mid (2-3.5)": {
        "count": 257.0,
        "win_rate": 0.6653696498054474,
        "avg_pnl": 0.027683487940882913,
        "median_pnl": 0.02697235333782875,
        "std_pnl": 0.08030902493184847,
        "sharpe": 0.3447120415716112,
        "max_dd": -0.49255470521572076,
        "best": 0.3467698398416412,
        "worst": -0.23921298573536642
      },
      "High (3.5-5)": {
        "count": 28.0,
        "win_rate": 0.42857142857142855,
        "avg_pnl": -0.005149469779164603,
        "median_pnl": -0.004794152826429032,
        "std_pnl": 0.02978409675826529,
        "sharpe": -0.17289326652941356,
        "max_dd": -0.17350880470717173,
        "best": 0.044900221729489986,
        "worst": -0.08226679299214755
      }
    },
    "Momentum": {
      "Low (0-2)": {
        "count": 1.0,
        "win_rate": 1.0,
        "avg_pnl": 0.03742733687711767,
        "median_pnl": 0.03742733687711767,
        "std_pnl": NaN,
        "sharpe": 0.0,
        "max_dd": 0.0,
        "best": 0.03742733687711767,
        "worst": 0.03742733687711767
      },
      "High (3.5-5)": {
        "count": 440.0,
        "win_rate": 0.6590909090909091,
        "avg_pnl": 0.024261596191131794,
        "median_pnl": 0.02607211213690016,
        "std_pnl": 0.0804808349275811,
        "sharpe": 0.30145805784648055,
        "max_dd": -0.5628029202745557,
        "best": 0.3467698398416412,
        "worst": -0.34476309660374727
      }
    },
    "Volatility": {
      "Mid (2-3.5)": {
        "count": 102.0,
        "win_rate": 0.5882352941176471,
        "avg_pnl": 0.0077577254897938,
        "median_pnl": 0.014354289351793434,
        "std_pnl": 0.0697682935841834,
        "sharpe": 0.11119270790868949,
        "max_dd": -0.47963886479736256,
        "best": 0.15283288366925885,
        "worst": -0.19329996149403156
      },
      "High (3.5-5)": {
        "count": 339.0,
        "win_rate": 0.6814159292035398,
        "avg_pnl": 0.02926619959001811,
        "median_pnl": 0.031145038167939027,
        "std_pnl": 0.082772705872314,
        "sharpe": 0.35357306833927166,
        "max_dd": -0.5628029202745557,
        "best": 0.3467698398416412,
        "worst": -0.34476309660374727
      }
    },
    "Context": {
      "Mid (2-3.5)": {
        "count": 6.0,
        "win_rate": 0.3333333333333333,
        "avg_pnl": -0.011633244943481664,
        "median_pnl": -0.013708999483293538,
        "std_pnl": 0.03354663229323516,
        "sharpe": -0.34677832462567526,
        "max_dd": -0.08961707277237727,
        "best": 0.030489315916641484,
        "worst": -0.049020184781969116
      },
      "High (3.5-5)": {
        "count": 32.0,
        "win_rate": 0.53125,
        "avg_pnl": -0.008112130527343548,
        "median_pnl": 0.005115239178739106,
        "std_pnl": 0.09555581374327894,
        "sharpe": -0.0848941598586316,
        "max_dd": -0.5736009239380147,
        "best": 0.10017315462066315,
        "worst": -0.34476309660374727
      }
    },
    "best_combo": {
      "count": 1.0,
      "win_rate": 0.0,
      "avg_pnl": -0.08226679299214755,
      "median_pnl": -0.08226679299214755,
      "std_pnl": NaN,
      "sharpe": 0.0,
      "max_dd": 0.0,
      "best": -0.08226679299214755,
      "worst": -0.08226679299214755
    }
  },
  "component_analysis": {
    "TD Buy 9": {
      "count": 49.0,
      "win_rate": 0.673469387755102,
      "avg_pnl": 0.023593125362601636,
      "median_pnl": 0.022092863363432285,
      "std_pnl": 0.0846681523271629,
      "sharpe": 0.2786540713849094,
      "max_dd": -0.20985332831891684,
      "best": 0.31344502071842145,
      "worst": -0.20985332831891682
    },
    "TD Buy 13+": {
      "count": 227.0,
      "win_rate": 0.6651982378854625,
      "avg_pnl": 0.020667236337180095,
      "median_pnl": 0.026105008587525864,
      "std_pnl": 0.07724411625676625,
      "sharpe": 0.2675574184638268,
      "max_dd": -0.5233617285665537,
      "best": 0.2231274638633378,
      "worst": -0.23921298573536642
    },
    "WVF Extreme": {
      "count": 386.0,
      "win_rate": 0.6735751295336787,
      "avg_pnl": 0.026267173725554295,
      "median_pnl": 0.029748051984438854,
      "std_pnl": 0.08218211476850039,
      "sharpe": 0.3196215356534272,
      "max_dd": -0.5628029202745558,
      "best": 0.3467698398416412,
      "worst": -0.34476309660374727
    }
  },
  "vix_analysis": {
    "NORMAL": {
      "count": 6.0,
      "win_rate": 0.6666666666666666,
      "avg_pnl": 0.025577386097572718,
      "median_pnl": 0.03203088203583134,
      "std_pnl": 0.029236254158933973,
      "sharpe": 0.8748516810166262,
      "max_dd": -0.016480510390867568,
      "best": 0.06340541675414646,
      "worst": -0.012580081537565546
    },
    "HIGH": {
      "count": 435.0,
      "win_rate": 0.6597701149425287,
      "avg_pnl": 0.02427371343537856,
      "median_pnl": 0.026105008587525864,
      "std_pnl": 0.0808845743461186,
      "sharpe": 0.30010312388499794,
      "max_dd": -0.5628029202745558,
      "best": 0.3467698398416412,
      "worst": -0.34476309660374727
    }
  },
  "stage_analysis": {
    "Stage 1": {
      "count": 35.0,
      "win_rate": 0.42857142857142855,
      "avg_pnl": -0.01924144531273266,
      "median_pnl": -0.007291225095379393,
      "std_pnl": 0.0976176442476066,
      "sharpe": -0.19711032222747396,
      "max_dd": -0.6943748893567963,
      "best": 0.10017315462066315,
      "worst": -0.34476309660374727
    },
    "Stage 2": {
      "count": 114.0,
      "win_rate": 0.7543859649122807,
      "avg_pnl": 0.03405080154379352,
      "median_pnl": 0.04227868491064833,
      "std_pnl": 0.07978733093857877,
      "sharpe": 0.426769527733748,
      "max_dd": -0.335863165108347,
      "best": 0.21733895243829016,
      "worst": -0.20985332831891682
    },
    "Stage 4": {
      "count": 292.0,
      "win_rate": 0.6506849315068494,
      "avg_pnl": 0.025699276955233864,
      "median_pnl": 0.02379104985961797,
      "std_pnl": 0.07693728570097336,
      "sharpe": 0.3340289005660715,
      "max_dd": -0.510391898993627,
      "best": 0.3467698398416412,
      "worst": -0.23921298573536642
    }
  },
  "false_analysis": {
    "total_losses": 150.0,
    "total_wins": 291.0,
    "patterns": [
      "Stage 4: 68% of losses (102 signals)"
    ]
  },
  "optimal_patterns": {
    "patterns": [
      {
        "name": "Context 9+ & Stage 1/4",
        "count": 57.0,
        "win_rate": 0.7719298245614035,
        "avg_pnl": 0.02478712427458451
      },
      {
        "name": "Bottom Score 20+",
        "count": 9.0,
        "win_rate": 0.5555555555555556,
        "avg_pnl": 0.02634192450778666
      }
    ]
  },
  "threshold_opt": {
    "results": [
      {
        "threshold": 16.0,
        "count": 751.0,
        "win_rate": 0.6418109187749668,
        "avg_pnl": 4.795535113720117
      },
      {
        "threshold": 17.0,
        "count": 399.0,
        "win_rate": 0.656641604010025,
        "avg_pnl": 0.02991214519716754
      },
      {
        "threshold": 18.0,
        "count": 181.0,